{"type":"footer","name":"Footer group","sections":{"footer":{"type":"footer","blocks":{"links":{"type":"links","settings":{"menu":"footer","show_menu_title":true,"menu_title":"MartiDerm-HN"}},"92d13751-0fb5-4bc4-ade0-b5e3ecd84511":{"type":"links","settings":{"menu":"","show_menu_title":true,"menu_title":""}},"text":{"type":"text","settings":{"title":"GIỚI THIỆU VỀ MartiDerm-HN","content":"<h2><\/h2><ul><li><a href=\"https:\/\/www.lancome.com.my\/en_MY\/customer-service\/contact-us\/customer-service-contact-us.html\"><strong>CUSTOMER SERVICE<\/strong><\/a><\/li><li><a href=\"https:\/\/www.lancome.com.my\/en_MY\/stores\">Store Locator<\/a><\/li><li><a href=\"https:\/\/www.lancome.com.my\/on\/demandware.store\/Sites-lancome-my-ng-Site\/en_MY\/Loyalty-Overview\">Elite Rewards<\/a><\/li><li><a href=\"https:\/\/www.lancome.com.my\/en_MY\/sustainability.html\">Sustainability<\/a><\/li><li><a href=\"https:\/\/www.lancome.com.my\/en_MY\/customer-service\/contact-us\/customer-service-contact-us.html\">Need Help?<\/a><br\/><\/li><li><a href=\"https:\/\/www.lancome.com.my\/en_MY\/customer-service\/contact-us\/customer-service-contact-us.html\"><strong>HELP & SUPPORT<\/strong><\/a><\/li><li><a href=\"https:\/\/www.lancome.com.my\/en_MY\/customer-service\/faqs\/customer-service-faqs.html\">FAQs<\/a><\/li><li><a href=\"https:\/\/www.lancome.com.my\/en_MY\/customer-service\/shipping-and-returns-policy\/customer-service-shipping-and-returns.html\">Shipping & Returns<\/a><\/li><li><a href=\"https:\/\/www.lancome.com.my\/en_MY\/customer-service\/contact-us\/customer-service-contact-us.html\">Contact Us<\/a><\/li><li><a href=\"https:\/\/www.lancome.com.my\/en_MY\/customer-service\/terms-and-conditions\/customer-service-terms-and-conditions.html\">Terms & Conditions<\/a><\/li><li><a href=\"https:\/\/www.lancome.com.my\/en_MY\/customer-service\/privacy-policy\/privacy-policy.html\">Privacy Policy<\/a><\/li><li><a href=\"https:\/\/www.lancome.com.my\/en_MY\/customer-service\/site-map\/customer-service-sitemap.html\">Sitemap<\/a><\/li><\/ul><p><\/p><p><\/p><ul><li><a href=\"https:\/\/www.lancome.com.my\/en_MY\/best-sellers\/\">Best Sellers<\/a><\/li><li><a href=\"https:\/\/www.lancome.com.my\/en_MY\/offers\/\">Offers<\/a><\/li><li><a href=\"https:\/\/www.lancome.com.my\/en_MY\/search?cgid=Root_Skincare\">Skincare<\/a><\/li><li><a href=\"https:\/\/www.lancome.com.my\/en_MY\/makeup-2\/\">Makeup<\/a><\/li><li><a href=\"https:\/\/www.lancome.com.my\/en_MY\/fragrance-2\/\">Fragrance<\/a><\/li><li><a href=\"https:\/\/www.lancome.com.my\/en_MY\/ingredients\/ingredients.html\">Ingredient Glossary<\/a><\/li><\/ul>","enable_follow_on_shop":true}}},"block_order":["links","92d13751-0fb5-4bc4-ade0-b5e3ecd84511","text"],"settings":{"color_scheme":"scheme-3","separate_section_with_border":false,"show_social_media":true,"show_payment_icons":true,"show_country_selector":true,"show_country_name":true,"show_country_flag":true,"show_locale_selector":true}}},"order":["footer"]}