{"type":"header","name":"Header group","sections":{"announcement-bar":{"type":"announcement-bar","blocks":{"message-1":{"type":"message","settings":{"text":"<strong>MartiDerm-hn Xin Chào qUÝ KHÁCH<\/strong>"}},"message_HFBWYH":{"type":"message","settings":{"text":"Miễn phí vận chuyển từ 2 sản phẩm"}}},"block_order":["message-1","message_HFBWYH"],"settings":{"color_scheme":"","enable_sticky":false,"autoplay":true,"cycle_speed":5,"desktop_font_size":11,"mobile_font_size":10}},"header":{"type":"header","settings":{"color_scheme":"","enable_sticky":true,"show_separation_border":true,"reduce_padding":false,"logo":"shopify:\/\/shop_images\/hn_1_copy.png","logo_max_width":140,"logo_mobile_max_width":100,"menu":"main-menu","sidebar_menu":"","menu_open_trigger":"hover","enable_search":true,"sidebar_color_scheme":"","sidebar_text_font":"heading","sidebar_show_dividers":true,"layout":"logo_left_navigation_inline","show_icons":true,"show_country_selector":true,"show_country_name":true,"show_country_flag":true,"show_locale_selector":false,"transparent_header_text_color":"#ffffff"}},"cc187b75-db0e-4c1a-be44-3360d893ebcd":{"type":"countdown-condensed","disabled":true,"settings":{"color_scheme":"scheme-2","content":"MERRY CHRISTMAS","link_text":"","link_url":"shopify:\/\/collections\/nước-hoa-ưu-dai-black-friday","expiration_date":"2023-11-30 12:32","expiration_behavior":"leave","desktop_justification":"center"}}},"order":["announcement-bar","header","cc187b75-db0e-4c1a-be44-3360d893ebcd"]}