{"type":"custom.overlay","name":"Overlay group","sections":{"cart-drawer":{"type":"cart-drawer","settings":{"color_scheme":"scheme-2","show_cart_note":false,"show_shipping_text":false,"show_view_cart_button":true,"show_checkout_button":true,"show_price_in_checkout_button":false,"cross_sell_products":[],"cross_sell_title":"Complete with","cross_sell_stack_products":true}},"newsletter-popup":{"type":"newsletter-popup","disabled":true,"settings":{"color_scheme":"","apparition_delay":5,"show_only_on_index":true,"hide_for_account_holders":true,"show_only_once":true,"title":"Đăng ký nhận bản tin của chúng tôi","content":"Describe what your customers will receive when subscribing to your newsletter.","button_text":"MUA NGAY"}},"privacy-banner":{"type":"privacy-banner","settings":{"color_scheme":"","title":"🍪 Cookie policy","content":"<p>Chúng tôi sử dụng cookie và các công nghệ tương tự để cung cấp trải nghiệm tốt nhất trên trang web của chúng tôi. Tham khảo Chính sách quyền riêng tư của chúng tôi để biết thêm thông tin.<\/p>"}}},"order":["cart-drawer","newsletter-popup","privacy-banner"]}