{"sections":{"c0e48bd0-7705-4be6-992a-167938faa8b4":{"type":"scrolling-content","settings":{"separate_section_with_border":true,"scrolling_speed":0.3,"scroll_direction":"left","text_font":"heading","text_font_size_mobile":12,"text_font_size_desktop":96,"section_vertical_spacing_mobile":10,"section_vertical_spacing_desktop":50,"item_horizontal_spacing_mobile":75,"item_horizontal_spacing_desktop":120,"background":"","text_color":"#307a07"}},"slideshow_k78wCy":{"type":"slideshow","blocks":{"image_ci3jeb":{"type":"image","settings":{"image":"shopify:\/\/shop_images\/todos_productos_martiderm.png","mobile_image":"shopify:\/\/shop_images\/todos_productos_martiderm.png","subheading":"","title":"","mobile_text_position":"place-self-center text-center","desktop_text_position":"sm:place-self-center sm:text-center","content_max_width":780,"button_1_text":"","button_1_link":"","button_1_style":"solid","button_1_background":"#ffffff","button_1_text_color":"#000000","button_2_text":"","button_2_link":"","button_2_style":"outline","button_2_background":"#ffffff","button_2_text_color":"#000000","background":"","background_opacity":50,"text_color":"#ffffff","border_color":"","gradient_overlay":"linear-gradient(180deg, rgba(54, 54, 54, 0.2), rgba(4, 4, 4, 0.65) 100%)"}}},"block_order":["image_ci3jeb"],"settings":{"allow_transparent_header":true,"show_next_section_button":true,"media_size":"auto","autoplay":true,"autoplay_pause_on_video":true,"cycle_speed":5,"background":"#000000","controls_color":"#ffffff"}},"image_with_text_rL3C8t":{"type":"image-with-text","blocks":{"subheading_UfxtHe":{"type":"subheading","settings":{"text":"martiderm hà nội"}},"heading_z6dLe7":{"type":"heading","settings":{"text":"chúc mừng năm mới","heading_tag":"h3"}},"richtext_F3kjU6":{"type":"richtext","settings":{"content":"<p>Khi chúng ta bước sang năm mới, đã đến lúc biến những điều không thể thành có thể.Chào mừng bạn đến với Quy trình làm đẹp năm mới huyền thoại của chúng tôi, một hành trình kết hợp truyền thống với sự thanh lịch hiện đại, giúp bạn tỏa sáng sự tự tin, nuôi dưỡng và sống động.Hãy thắp sáng những ngày của bạn với làn da rạng rỡ như bình minh mùa xuân và để đôi môi bạn thì thầm những câu chuyện về sự tự tin và sang trọng.Hãy sẵn sàng đón nhận<strong> lì xì năm mới<\/strong> của chúng tôi<\/p>"}}},"block_order":["subheading_UfxtHe","heading_z6dLe7","richtext_F3kjU6"],"settings":{"color_scheme":"scheme-2","separate_section_with_border":true,"image":"shopify:\/\/shop_images\/novedades_anti-aging.png","mobile_image":"shopify:\/\/shop_images\/novedades_anti-aging.png","reveal_on_scroll":true,"image_position":"start","content_width":"sm","remove_vertical_spacing":true}},"logo_list_ceHqNz":{"type":"logo-list","blocks":{"logo_KgjUtD":{"type":"logo","settings":{"logo":"shopify:\/\/shop_images\/Rutina_HidratacionProfundaCorporal_506x760_d62f6ced-7e07-4eec-ae0f-14010e5cb53c.jpg","logo_width":50,"link":"shopify:\/\/collections\/bảo-vệ-phục-hồi"}},"logo_a8KbRw":{"type":"logo","settings":{"logo":"shopify:\/\/shop_images\/rutina_preparar_piel_verano_home.jpg","logo_width":50,"link":"shopify:\/\/collections\/dưỡng-ẩm-cho-cơ-thể"}},"logo_afQY9F":{"type":"logo","settings":{"logo":"shopify:\/\/shop_images\/rutina_eliminacion_manchas_home.jpg","logo_width":50,"link":"shopify:\/\/collections\/lam-sang-san-chắc-dưỡng-ẩm"}},"logo_x9jgRx":{"type":"logo","settings":{"logo":"shopify:\/\/shop_images\/Rutina_LimpiezaProfunda_506x760_ed23fbc1-c452-4196-ac16-32e4493e5814.jpg","logo_width":50,"link":"shopify:\/\/collections\/lam-sạch-da"}},"logo_emakXK":{"type":"logo","settings":{"logo":"shopify:\/\/shop_images\/Rutina_PielAcneicaAdulta_506x760_c3c47c5a-bd9a-4b95-aad6-b75de785076e.jpg","logo_width":50,"link":"shopify:\/\/collections\/sản-phẩm-trị-mụn"}},"logo_xpy4aW":{"type":"logo","settings":{"logo":"shopify:\/\/shop_images\/rutina_hidratacion_intensiva_facial_home.jpg","logo_width":50,"link":"shopify:\/\/collections\/lam-sang-san-chắc-dưỡng-ẩm"}}},"block_order":["logo_KgjUtD","logo_a8KbRw","logo_afQY9F","logo_x9jgRx","logo_emakXK","logo_xpy4aW"],"settings":{"color_scheme":"scheme-2","separate_section_with_border":true,"subheading":"","title":"<strong>danh mục sản phẩm<\/strong>","items_per_row":6,"logo_item_background":"","logo_item_border":""}},"image_with_text_AWCTKc":{"type":"image-with-text","blocks":{"subheading_99dmLm":{"type":"subheading","settings":{"text":"Martiderm HÀ NỘI"}},"heading_VP8U3U":{"type":"heading","settings":{"text":"TTTM Vincom Mega Mall Times City","heading_tag":"h1"}},"richtext_Fxf7F3":{"type":"richtext","settings":{"content":"<p>Martiderm là thương hiệu dược mỹ phẩm của Tây Ban Nha đang dần được ưa chuộng tại Việt Nam với dòng kem chống nắng có thành phần bảo vệ tốt cùng kết cấu tuyệt đẹp. Hãy cùng Martiderm-HN tìm hiểu kem chống nắng Martiderm để biết liệu đây có phải sản phẩm tốt cho chị em sử dụng không nhé!<\/p>"}}},"block_order":["subheading_99dmLm","heading_VP8U3U","richtext_Fxf7F3"],"settings":{"color_scheme":"scheme-2","separate_section_with_border":true,"image":"shopify:\/\/shop_images\/Yellow_Spring_Lunar_New_Year_Instagram_Post_10.png","mobile_image":"shopify:\/\/shop_images\/Yellow_Spring_Lunar_New_Year_Instagram_Post_10.png","reveal_on_scroll":true,"image_position":"start","content_width":"sm","remove_vertical_spacing":true}},"faq_qyyDcY":{"type":"faq","blocks":{"category_fVRFij":{"type":"category","settings":{"title":"","icon":"none","icon_width":16}},"question_GnUhfX":{"type":"question","settings":{"question":"XEM CÁCH ÁP DỤNG MÃ GIẢM GIÁ","answer":"<p>Lưu ý: Mã giảm giá chỉ được áp dụng cho sản phẩm kem chống nắng<br\/>Bước 1: Quay để nhận MÃ GIẢM GIÁ<br\/>Bước 2: Chọn số lượng cần mua<br\/>Bước 3: Bấm vào nút \"MUA NGAY\"<br\/>Bước 4: MÃ GIẢM GIÁ sẽ được áp dụng tự động và nhập địa chỉ của bạn<\/p>"}}},"block_order":["category_fVRFij","question_GnUhfX"],"settings":{"color_scheme":"scheme-2","separate_section_with_border":true,"show_categories":false,"subheading":"","title":"HƯỚNG DẪN MUA HÀNG VỚI MÃ GIẢM GIÁ","content":""}},"featured_product_6gXjTj":{"type":"featured-product","blocks":{"vendor_RiNeFF":{"type":"vendor","settings":{}},"title_YdB943":{"type":"title","settings":{"heading_tag":"h3"}},"badges_UYhCAP":{"type":"badges","settings":{}},"price_fUT4zG":{"type":"price","settings":{"show_taxes_notice":false}},"quantity_selector_hDPAyR":{"type":"quantity_selector","settings":{}},"buy_buttons_YUYf4x":{"type":"buy_buttons","settings":{"show_payment_button":true,"show_gift_card_recipient":true,"atc_button_background":"","atc_button_text_color":"","payment_button_background":"","payment_button_text_color":""}},"releasit_cod_form_upsells_button_app_block_cidLwH":{"type":"shopify:\/\/apps\/releasit-cod-form-upsells\/blocks\/button-app-block\/72faf214-4174-4fec-886b-0d0e8d3af9a2","settings":{"product":"{{section.settings.product}}"}},"rating_hYrz3g":{"type":"rating","settings":{"show_empty":false,"rating_mode":"rating"}},"payment_terms_t98zRt":{"type":"payment_terms","settings":{}},"separator_LNinAn":{"type":"separator","settings":{}},"description_nD3G64":{"type":"description","settings":{"collapse_content":false}},"variant_picker_BfFfD9":{"type":"variant_picker","settings":{"hide_sold_out_variants":false,"selector_type":"block","color_selector_type":"color","size_chart_page":""}},"pickup_availability_YrBXez":{"type":"pickup_availability","settings":{}}},"block_order":["vendor_RiNeFF","title_YdB943","badges_UYhCAP","price_fUT4zG","quantity_selector_hDPAyR","buy_buttons_YUYf4x","releasit_cod_form_upsells_button_app_block_cidLwH","rating_hYrz3g","payment_terms_t98zRt","separator_LNinAn","description_nD3G64","variant_picker_BfFfD9","pickup_availability_YrBXez"],"settings":{"color_scheme":"","product":"kem-chống-nắng-phổ-rộng-toan-diện-ngừa-lao-hoa-phong-chống-nam-quay-lại-martiderm-the-originals-proteos-screen-spf50-fluid-cream","separate_section_with_border":true,"container_size":"lg","product_info_size":45,"center_basic_info":false,"desktop_media_layout":"carousel_thumbnails_bottom","desktop_media_grid_gap":30,"mobile_controls":"dots","enable_media_autoplay":false,"enable_video_looping":true,"enable_image_zoom":false,"max_image_zoom_level":3,"subheading":"","title":"sản phẩm ưu đãi dầu xuân 2024","content":"<p><strong>Nếu không dùng kem chống nắng thì ĐỪNG skincare!<\/strong><\/p><p>Nếu không dùng kem chống nắng, mọi sản phẩm chăm sóc da được dùng dù có đắt đỏ đến đâu cũng sẽ trở nên vô nghĩa. Khi không được chống nắng và bảo vệ mỗi ngày, làn da sẽ phải đối mặt với các tình trạng bị cháy nắng, xuất hiện tàn nhang, mụn, đồi mồi, nám sạm, lão hóa sớm,... và nguy hiểm nhất là ung thư - những điều mà việc skincare không thể nào cứu vãn được. Bởi vậy đầu xuân năm mới <strong>MartiDerm-HN <\/strong>ưu đãi duy nhất 1 sản phẩm kem chống nắng với ý nghĩa mở đầu cho chiến dịch làm đẹp năm 2024<\/p>"}},"image_with_text_TDEn4d":{"type":"image-with-text","settings":{"color_scheme":"scheme-2","separate_section_with_border":true,"image":"shopify:\/\/shop_images\/Screenshot_2024-02-01_131113.png","mobile_image":"shopify:\/\/shop_images\/Screenshot_2024-02-01_131113.png","reveal_on_scroll":true,"image_position":"start","content_width":"sm","remove_vertical_spacing":true}},"faq_bLcPUa":{"type":"faq","blocks":{"question_BCLBDr":{"type":"question","settings":{"question":"Tôi có thể sử dụng nó để chơi thể thao ngoài trời không?","answer":"<p>Có, vì nó giúp da thở. Tuy nhiên nó không thấm nước. <\/p>"}},"question_gA9eka":{"type":"question","settings":{"question":"Nó có gây kích ứng mắt của bạn không?","answer":"<p>Không, kem chống nắng được bọc vi nang nên không gây kích ứng<\/p>"}},"question_qeRVV7":{"type":"question","settings":{"question":"Tôi nên áp dụng nó thường xuyên như thế nào?","answer":"<p>Cứ sau 2 giờ để bảo vệ bạn khỏi bức xạ UVA\/UVB.<\/p>"}}},"block_order":["question_BCLBDr","question_gA9eka","question_qeRVV7"],"settings":{"color_scheme":"scheme-2","separate_section_with_border":true,"show_categories":false,"subheading":"martiderm-HN","title":"CÂU HỎI THƯỜNG GẶP","content":""}},"logo_list_7CD8zq":{"type":"logo-list","blocks":{"logo_kMXWBV":{"type":"logo","settings":{"logo":"shopify:\/\/shop_images\/Proteos-Screen-SPF50-caja_2ad4c4a3-ae2c-4597-8763-b1f141972db7.jpg","logo_width":120,"link":"shopify:\/\/products\/kem-chống-nắng-phổ-rộng-toan-diện-ngừa-lao-hoa-phong-chống-nam-quay-lại-martiderm-the-originals-proteos-screen-spf50-fluid-cream"}},"logo_9HyRb9":{"type":"logo","settings":{"logo":"shopify:\/\/shop_images\/Modelift-Crema-Corporal_d4fda1fd-db7d-4ff0-b040-9918c784f0f9.jpg","logo_width":120,"link":"shopify:\/\/products\/kem-dưỡng-thể-modellift-200ml"}},"logo_Ha4WMD":{"type":"logo","settings":{"logo":"shopify:\/\/shop_images\/essentials-balancing-toner-martiderm_9e46df3f-77d6-4552-a00c-6b38606de255.jpg","logo_width":120,"link":"shopify:\/\/products\/nước-can-bằng-lam-sạch-chứa-bha-prebiotics-martiderm-essentials-balancing-toner"}},"logo_JBaXRU":{"type":"logo","settings":{"logo":"shopify:\/\/shop_images\/acniover-gel-purificante-poros_066ce29f-e809-45cf-bbda-04c145c5d9b2.jpg","logo_width":120,"link":"shopify:\/\/products\/gel-thanh-lọc-acniover"}}},"block_order":["logo_kMXWBV","logo_9HyRb9","logo_Ha4WMD","logo_JBaXRU"],"settings":{"color_scheme":"scheme-2","separate_section_with_border":true,"subheading":"","title":"DANH MỤC SẢN PHẨM BẠN YÊU THÍCH","items_per_row":5,"logo_item_background":"","logo_item_border":""}},"featured_collections_7LGt9n":{"type":"featured-collections","blocks":{"collection_ppTypb":{"type":"collection","settings":{"collection":"lam-sang-san-chắc-dưỡng-ẩm","products_count":8,"title":"","link_url":"shopify:\/\/collections\/lam-sang-san-chắc-dưỡng-ẩm","link_text":"XEM TẤT CẢ"}}},"block_order":["collection_ppTypb"],"settings":{"color_scheme":"scheme-2","separate_section_with_border":true,"hide_product_information":false,"stack_products":false,"products_per_row_mobile":"2","products_per_row_desktop":4,"horizontal_spacing_factor":1,"vertical_spacing_factor":1,"subheading":"martiderm-hn"}},"featured_collections_Vrh7bA":{"type":"featured-collections","blocks":{"collection_kryQC3":{"type":"collection","settings":{"collection":"sản-phẩm-trị-mụn","products_count":8,"title":"","link_url":"shopify:\/\/collections\/sản-phẩm-trị-mụn","link_text":"XEM TẤT CẢ"}}},"block_order":["collection_kryQC3"],"settings":{"color_scheme":"scheme-2","separate_section_with_border":true,"hide_product_information":false,"stack_products":false,"products_per_row_mobile":"2","products_per_row_desktop":4,"horizontal_spacing_factor":1,"vertical_spacing_factor":1,"subheading":"martiderm-hn"}},"featured_collections_3KXzxV":{"type":"featured-collections","blocks":{"collection_7riVkw":{"type":"collection","settings":{"collection":"bảo-vệ-phục-hồi","products_count":8,"title":"","link_url":"shopify:\/\/collections\/bảo-vệ-phục-hồi","link_text":"XEM TẤT CẢ"}}},"block_order":["collection_7riVkw"],"settings":{"color_scheme":"scheme-2","separate_section_with_border":true,"hide_product_information":false,"stack_products":false,"products_per_row_mobile":"2","products_per_row_desktop":4,"horizontal_spacing_factor":1,"vertical_spacing_factor":1,"subheading":"martiderm-hn"}},"multiple_media_with_text_CBhefV":{"type":"multiple-media-with-text","blocks":{"image_V6BPUp":{"type":"image","settings":{"image":"shopify:\/\/shop_images\/Yellow_Spring_Lunar_New_Year_Instagram_Post_10.png","rotation":0}},"image_jqBBBH":{"type":"image","settings":{"image":"shopify:\/\/shop_images\/novedades_anti-aging.png","rotation":0}}},"block_order":["image_V6BPUp","image_jqBBBH"],"settings":{"color_scheme":"scheme-2","reveal_on_scroll":true,"separate_section_with_border":true,"media_position_desktop":"before_text","media_position_mobile":"before_text","media_layout":"overlap","media_alignment":"center","media_alignment_offset":0,"media_mobile_alignment_offset":0,"text_alignment":"center","subheading":"<strong>martiderm-hn<\/strong>","title":"","content":"<p>Hãy luôn là người tiêu dùng thông thái và nhanh tay mua hàng ngay để tận hưởng những ưu đãi độc quyền dành cho bạn khi sử dụng các dịch vụ trực tuyến từ MartiDerm-HN<\/p>","button_1_text":"","button_1_link":"shopify:\/\/products\/kem-chống-nắng-phổ-rộng-toan-diện-ngừa-lao-hoa-phong-chống-nam-quay-lại-martiderm-the-originals-proteos-screen-spf50-fluid-cream","button_1_style":"solid","button_2_text":"","button_2_link":"","button_2_style":"solid"}},"image_with_text_a7xKFR":{"type":"image-with-text","blocks":{"subheading_rKpnKL":{"type":"subheading","settings":{"text":"MartiDerm-HN"}}},"block_order":["subheading_rKpnKL"],"settings":{"color_scheme":"scheme-2","separate_section_with_border":true,"image":"shopify:\/\/shop_images\/Yellow_Spring_Lunar_New_Year_Instagram_Post_11.png","mobile_image":"shopify:\/\/shop_images\/Yellow_Spring_Lunar_New_Year_Instagram_Post_11.png","reveal_on_scroll":true,"image_position":"start","content_width":"sm","remove_vertical_spacing":true}},"media_grid_JzADyM":{"type":"media-grid","blocks":{"image_kbfxA7":{"type":"image","settings":{"color_scheme":"","image":"shopify:\/\/shop_images\/316110549_642810904282136_7963883083345205389_n.jpg","column_count":"8","row_count":2,"title":"Tìm màu kem nền tốt nhất của bạn từ 22.000 tông màu da.","heading_tag":"h4","content":"","link_text":"","link_url":"shopify:\/\/collections","link_style":"link","text_position":"place-self-start text-start","overlay_color":"#000000","overlay_opacity":0}},"image_x7dw3F":{"type":"image","settings":{"color_scheme":"","image":"shopify:\/\/shop_images\/315965863_642837694279457_2907352404225452866_n_cf3df8fc-f6e7-49d6-8a9c-c9d19f609631.jpg","column_count":"4","row_count":1,"title":"","heading_tag":"h4","content":"","link_text":"","link_url":"shopify:\/\/collections","link_style":"link","text_position":"place-self-center text-center","overlay_color":"#000000","overlay_opacity":0}}},"block_order":["image_kbfxA7","image_x7dw3F"],"settings":{"color_scheme":"scheme-2","separate_section_with_border":true,"desktop_row_height":290,"mobile_row_height":180,"section_width":"lg","spacing":"md","subheading":"","title":"MartiDerm-HN","content":""}},"video_BGKtct":{"type":"video","blocks":{"play_Rr6FLg":{"type":"play","settings":{"icon_color":"#ffffff"}},"heading_iRkGiP":{"type":"heading","settings":{"text":"","heading_tag":"h2"}}},"block_order":["play_Rr6FLg","heading_iRkGiP"],"settings":{"autoplay":true,"show_controls":true,"video_size":"md","video":"shopify:\/\/files\/videos\/2ef2b5a6984042749c70fe30f6c2423b.HD-720p-1.6Mbps-23942288.mp4","external_video_url":"https:\/\/www.youtube.com\/watch?v=_9VUPq3SxOc","text_color":"#ffffff"}}},"order":["c0e48bd0-7705-4be6-992a-167938faa8b4","slideshow_k78wCy","image_with_text_rL3C8t","logo_list_ceHqNz","image_with_text_AWCTKc","faq_qyyDcY","featured_product_6gXjTj","image_with_text_TDEn4d","faq_bLcPUa","logo_list_7CD8zq","featured_collections_7LGt9n","featured_collections_Vrh7bA","featured_collections_3KXzxV","multiple_media_with_text_CBhefV","image_with_text_a7xKFR","media_grid_JzADyM","video_BGKtct"]}