{"sections":{"5a759905-d514-456a-a94a-f68c438b0f97":{"type":"scrolling-content","blocks":{"template--16157226795173__5a759905-d514-456a-a94a-f68c438b0f97-text-2":{"type":"text","settings":{"text":"<strong>CHÀO MỪNG 2024<\/strong>"}}},"block_order":["template--16157226795173__5a759905-d514-456a-a94a-f68c438b0f97-text-2"],"settings":{"separate_section_with_border":true,"scrolling_speed":0.3,"scroll_direction":"left","text_font":"heading","text_font_size_mobile":12,"text_font_size_desktop":78,"section_vertical_spacing_mobile":10,"section_vertical_spacing_desktop":80,"item_horizontal_spacing_mobile":80,"item_horizontal_spacing_desktop":120,"background":"","text_color":"#ff0000"}},"main":{"type":"main-product","blocks":{"vendor":{"type":"vendor","settings":{}},"title":{"type":"title","settings":{"heading_tag":"h3"}},"price":{"type":"price","settings":{"show_taxes_notice":false}},"payment_terms":{"type":"payment_terms","settings":{}},"separator":{"type":"separator","settings":{}},"description":{"type":"description","settings":{"collapse_content":false,"show_below_gallery":false}},"variant_picker":{"type":"variant_picker","settings":{"hide_sold_out_variants":false,"selector_type":"block","color_selector_type":"color","size_chart_page":""}},"quantity_selector":{"type":"quantity_selector","disabled":true,"settings":{}},"buy_buttons":{"type":"buy_buttons","settings":{"show_payment_button":true,"show_gift_card_recipient":true,"atc_button_background":"","atc_button_text_color":"","payment_button_background":"","payment_button_text_color":""}},"complementary_products":{"type":"complementary_products","settings":{"title":"Pairs well with","products_count":2,"show_below_gallery":true,"stack_products":false,"show_quick_buy":true}}},"block_order":["vendor","title","price","payment_terms","separator","description","variant_picker","quantity_selector","buy_buttons","complementary_products"],"settings":{"color_scheme":"scheme-2","container_size":"lg","product_info_size":35,"show_sticky_add_to_cart":true,"center_basic_info":false,"desktop_media_layout":"grid","desktop_media_grid_gap":30,"mobile_controls":"dots","enable_media_autoplay":false,"enable_video_looping":true,"enable_image_zoom":true,"max_image_zoom_level":3}},"logo_list_kNyytV":{"type":"logo-list","blocks":{"logo_KHE9TL":{"type":"logo","settings":{"logo":"shopify:\/\/shop_images\/Proteos-Screen-SPF50-caja_2ad4c4a3-ae2c-4597-8763-b1f141972db7.jpg","logo_width":120,"link":"shopify:\/\/products\/kem-chống-nắng-phổ-rộng-toan-diện-ngừa-lao-hoa-phong-chống-nam-quay-lại-martiderm-the-originals-proteos-screen-spf50-fluid-cream"}},"logo_d6jTjw":{"type":"logo","settings":{"logo":"shopify:\/\/shop_images\/Modelift-Crema-Corporal_d4fda1fd-db7d-4ff0-b040-9918c784f0f9.jpg","logo_width":120,"link":"shopify:\/\/products\/kem-dưỡng-thể-modellift-200ml"}},"logo_DPzFeh":{"type":"logo","settings":{"logo":"shopify:\/\/shop_images\/essentials-balancing-toner-martiderm_9e46df3f-77d6-4552-a00c-6b38606de255.jpg","logo_width":120,"link":"shopify:\/\/products\/nước-can-bằng-lam-sạch-chứa-bha-prebiotics-martiderm-essentials-balancing-toner"}},"logo_CKiWdK":{"type":"logo","settings":{"logo":"shopify:\/\/shop_images\/acniover-gel-purificante-poros_066ce29f-e809-45cf-bbda-04c145c5d9b2.jpg","logo_width":120,"link":"shopify:\/\/products\/gel-thanh-lọc-acniover"}}},"block_order":["logo_KHE9TL","logo_d6jTjw","logo_DPzFeh","logo_CKiWdK"],"settings":{"color_scheme":"scheme-2","separate_section_with_border":true,"subheading":"","title":"CHỌN DANH MỤC BẠN QUAN TÂM","items_per_row":5,"logo_item_background":"","logo_item_border":""}},"featured_collections_YrANeH":{"type":"featured-collections","blocks":{"collection_7jCYzK":{"type":"collection","settings":{"collection":"lam-sang-san-chắc-dưỡng-ẩm","products_count":8,"title":"","link_url":"shopify:\/\/collections\/lam-sang-san-chắc-dưỡng-ẩm","link_text":"XEM TẤT CẢ"}}},"block_order":["collection_7jCYzK"],"settings":{"color_scheme":"scheme-2","separate_section_with_border":true,"hide_product_information":false,"stack_products":false,"products_per_row_mobile":"2","products_per_row_desktop":4,"horizontal_spacing_factor":1,"vertical_spacing_factor":1,"subheading":"MartiDerm-HN"}}},"order":["5a759905-d514-456a-a94a-f68c438b0f97","main","logo_list_kNyytV","featured_collections_YrANeH"]}